seq,monotonic_ms,read_ok,temperature,humidity,injected,temp_health,temp_flags,hum_health,hum_flags,usable,score,mode,next_interval_ms,reason,min_free_heap
1,96,True,26.845,55.186,False,HEALTHY,0,HEALTHY,0,True,0.0,STABLE,2000,STABLE,350908
2,2131,True,26.845,55.186,False,HEALTHY,0,HEALTHY,0,True,0.0,STABLE,2000,STABLE,350908
3,4171,True,26.832,55.172,False,HEALTHY,0,HEALTHY,0,True,0.089,STABLE,4000,STABLE,350908
4,8211,True,26.832,55.242,False,HEALTHY,0,HEALTHY,0,True,0.081,STABLE,4000,STABLE,350908
5,12251,True,26.832,55.293,False,HEALTHY,0,HEALTHY,0,True,0.123,STABLE,5000,STABLE,350908
6,17291,True,26.845,55.293,False,HEALTHY,0,HEALTHY,0,True,0.102,STABLE,5000,STABLE,350908
7,22331,True,26.845,55.343,False,HEALTHY,0,HEALTHY,0,True,0.145,STABLE,5000,STABLE,350908
8,27371,True,26.861,55.406,False,HEALTHY,0,HEALTHY,0,True,0.194,STABLE,5000,STABLE,350908
9,32411,True,26.861,55.247,False,HEALTHY,0,HEALTHY,0,True,0.102,STABLE,5000,STABLE,350908
10,37451,True,26.861,55.309,False,HEALTHY,0,HEALTHY,0,True,0.082,STABLE,5000,STABLE,350908
11,42491,True,26.861,55.476,False,HEALTHY,0,HEALTHY,0,True,0.243,STABLE,5000,STABLE,350908
12,47531,True,26.845,55.425,False,HEALTHY,0,HEALTHY,0,True,0.131,STABLE,5000,STABLE,350908
13,52571,True,26.832,55.293,False,HEALTHY,0,HEALTHY,0,True,0.133,STABLE,5000,STABLE,350908
14,57611,True,26.845,55.21,False,HEALTHY,0,HEALTHY,0,True,0.152,STABLE,5000,STABLE,350908
15,62651,True,26.832,55.401,False,HEALTHY,0,HEALTHY,0,True,0.117,STABLE,5000,STABLE,350908
16,67691,True,26.818,55.277,False,HEALTHY,0,HEALTHY,0,True,0.171,STABLE,5000,STABLE,350908
17,72731,True,26.832,55.305,False,HEALTHY,0,HEALTHY,0,True,0.066,STABLE,5000,STABLE,350908
18,77771,True,26.845,55.293,False,HEALTHY,0,HEALTHY,0,True,0.073,STABLE,5000,STABLE,350908
19,82811,True,26.832,55.401,False,HEALTHY,0,HEALTHY,0,True,0.114,STABLE,5000,STABLE,350908
20,87851,True,26.832,55.364,False,HEALTHY,0,HEALTHY,0,True,0.056,STABLE,5000,STABLE,350908
21,92891,True,26.789,55.334,False,HEALTHY,0,HEALTHY,0,True,0.316,STABLE,5000,STABLE,350908
22,97931,True,26.818,55.361,False,HEALTHY,0,HEALTHY,0,True,0.119,STABLE,5000,STABLE,350908
23,102971,True,26.789,55.346,False,HEALTHY,0,HEALTHY,0,True,0.241,STABLE,5000,STABLE,350908
24,108011,True,26.789,55.32,False,HEALTHY,0,HEALTHY,0,True,0.192,STABLE,5000,STABLE,350908
25,113051,True,26.832,55.293,False,HEALTHY,0,HEALTHY,0,True,0.134,STABLE,5000,STABLE,350908
26,118091,True,26.818,55.181,False,HEALTHY,0,HEALTHY,0,True,0.184,STABLE,5000,STABLE,350908
27,123131,True,26.818,55.169,False,HEALTHY,0,HEALTHY,0,True,0.162,STABLE,5000,STABLE,350908
28,128171,True,26.832,55.183,False,HEALTHY,0,HEALTHY,0,True,0.112,STABLE,5000,STABLE,350908
29,133211,True,26.818,55.218,False,HEALTHY,0,HEALTHY,0,True,0.046,STABLE,5000,STABLE,350908
30,138251,True,26.832,55.364,False,HEALTHY,0,HEALTHY,0,True,0.147,STABLE,5000,STABLE,350908
